Smoothing 	Inter-	PER $\pm$ 1 sd
HEAD	method	polation	
		val,dec2	sdpm,dec2
Good-Turing	no	8.28	0.12
Witten--Bell	no	8.00	0.13       
absolute disc. of 0.9	no	11.71	0.14
original Kneser--Ney	no	8.62	0.13
modified Kneser--Ney	no	9.18 	0.13
\addlinespace[8pt]
Witten--Bell	yes	7.68	0.12       
absolute disc. of 0.5	yes	8.03	0.13
absolute disc. of 0.8	yes	7.56	0.13
absolute disc. of 0.9	yes	7.52	0.12
absolute disc. of 1.0	yes	8.24	0.13
original Kneser--Ney	yes	6.86	0.12
modified Kneser--Ney	yes	6.75 	0.12